keywords,n
ethics,286
research ethics,101
engineering ethics,94
research integrity,67
responsibility,62
scientific misconduct,62
engineering,54
research misconduct,50
responsible conduct of research,45
education,39
science,38
technology,38
engineer ethic,37
informed consent,36
bioethics,34
conflict of interest,32
engineering education,32
authorship,30
privacy,30
peer review,29
plagiarism,29
research,28
risk,27
whistleblowing,26
ethics education,25
professional ethics,25
scientific integrity,25
sustainability,25
social responsibility,23
misconduct,22
nanotechnology,22
biotechnology,21
computer ethics,21
integrity,20
clinical trials,19
autonomy,18
neuroethics,18
placebo,18
professionalism,18
applied ethics,17
climate change,17
medical ethics,17
moral responsibility,17
philosophy,17
publication ethics,17
training,17
values,17
artificial intelligence,16
codes of ethics,16
intellectual property,16
assessment,15
conflicts of interest,14
innovation,14
neuroscience,14
patents,14
policy,14
precautionary principle,14
regulation,14
responsible conduct of research (rcr),14
bias,13
dual-use,13
fraud,13
human rights,13
rcr,13
responsible research and innovation,13
science policy,13
synthetic biology,13
teaching,13
virtue ethics,13
information ethics,12
mentoring,12
morality,12
professional responsibility,12
safety,12
accountability,11
curriculum,11
design,11
ethical decision-making,11
public engagement,11
publication,11
science education,11
uncertainty,11
agency,10
biomedical research,10
business ethics,10
communication,10
environment,10
ethical issues,10
higher education,10
impact factor,10
responsible innovation,10
standards,10
transparency,10
trust,10
code of conduct,9
confidentiality,9
corruption,9
genetics,9
governance,9
human dignity,9
islam,9
knowledge,9
pragmatism,9
profession,9
public policy,9
religion,9
science communication,9
science ethics,9
case studies,8
china,8
collaboration,8
data management,8
decision-making,8
ethical decision making,8
evaluation,8
fairness,8
journals,8
moral reasoning,8
neuroimaging,8
public trust,8
questionable research practices,8
responsible conduct,8
society,8
sustainable development,8
university,8
attitudes,7
automation,7
biosecurity,7
clinical research,7
consequentialism,7
credit allocation,7
culture,7
editors,7
environmental ethics,7
graduate education,7
graduate students,7
industry,7
justice,7
medicine,7
mentor,7
norms,7
openness,7
retraction,7
scientific responsibility,7
scientific societies,7
self-regulation,7
stem cells,7
survey,7
technology assessment,7
value sensitive design,7
academic freedom,6
academic integrity,6
big data,6
bioterrorism,6
bribery,6
consent,6
deception,6
decision making,6
design ethics,6
dual use,6
ecology,6
economics,6
engineering ethics education,6
ethics across the curriculum,6
ethies,6
genes,6
germany,6
journal impact factor,6
law,6
macroethics,6
patent,6
pedagogy,6
publication practices,6
quality,6
rights,6
risk assessment,6
robot ethics,6
scientists,6
social justice,6
sts,6
surveillance,6
teaching ethics,6
value-sensitive design,6
academic misconduct,5
accreditation,5
cases,5
cheating,5
code of ethics,5
conservation,5
control,5
cooperation,5
credit,5
data selection,5
data sharing,5
democracy,5
development,5
disclosure,5
empowerment,5
engineers,5
environmental ethic,5
ethical behavior,5
ethics and technology,5
ethics committees,5
ethics in science,5
ethics of science,5
ethics of technology,5
expertise,5
fabrication,5
falsification,5
gender,5
genetic discrimination,5
human enhancement,5
identity,5
indexing,5
journal,5
legislation,5
medical research,5
moral,5
moral judgment,5
moral psychology,5
moral status,5
nature,5
paternalism,5
philosophy of technology,5
physics,5
problem-based learning,5
professional societies,5
psychology,5
public health,5
publications,5
reliability,5
retractions,5
risk management,5
scientific freedom,5
security,5
self-plagiarism,5
sensemaking,5
social sciences,5
students,5
terrorism,5
truth,5
virtue,5
virtues,5
academic dishonesty,4
academic ethics,4
active learning,4
aesthetics,4
agriculture,4
altruism,4
animal experimentation,4
aristotle,4
authenticity,4
biofuels,4
brain–computer interface,4
care,4
central and eastern europe,4
citation,4
citations,4
clinical trial,4
cloning,4
co-authorship,4
codes,4
cognitive enhancement,4
compliance,4
construction industry,4
context,4
copyright,4
curriculum development,4
data,4
data fabrication,4
declaration of helsinki,4
deliberation,4
disability,4
discourse,4
distance education,4
duplicate publication,4
emergency medicine,4
emotion,4
energy,4
engineer,4
enhancement,4
ethical,4
ethical concerns,4
ethical guidelines,4
ethics assessment,4
ethics committee,4
ethics training,4
free will,4
freedom,4
future generations,4
geological disposal,4
health care,4
history,4
human embryo,4
human nature,4
human subjects,4
imagination,4
india,4
information technology,4
instruction,4
irb,4
japan,4
judgment,4
just war theory,4
knowledge production,4
liability,4
macintyre,4
malaysia,4
maqasid al-shariah,4
mass media,4
misbehavior,4
moral development,4
national science foundation,4
participation,4
participatory design,4
phronesis,4
practice,4
qualitative research,4
questionnaire,4
reductionism,4
research compliance,4
research evaluation,4
research fraud,4
research policy,4
rhetoric,4
role play,4
rri,4
rules,4
scientific fraud,4
scientific journals,4
scientometrics,4
sociology,4
stakeholders,4
stem cell research,4
technical writing,4
utilitarianism,4
validity,4
whistleblowers,4
abet,3
academic publishing,3
academic research,3
algorithms,3
animal research,3
animal welfare,3
anonymity,3
appropriate technology,3
art,3
assistive technology,3
attitude,3
autism,3
bibliographical database,3
bibliometrics,3
bioethical principles,3
biological weapons,3
biomedicine,3
biosafety,3
captive population,3
case-based reasoning,3
challenger,3
clinical ethics,3
code,3
collaborative learning,3
collaborative research,3
collective responsibility,3
computer professional,3
conference,3
conflict of interests,3
consensus,3
consensus conference,3
construction,3
constructive technology assessment,3
controversy,3
corporate responsibility,3
corporate social responsibility,3
creativity,3
data ethics,3
data falsification,3
data mining,3
definition,3
dementia,3
deontology,3
design for values,3
design process,3
developing countries,3
dilemma,3
disaster,3
discipline,3
dispute resolution,3
distributive justice,3
drones,3
elsi,3
embedded ethicist,3
emergency research,3
emerging technologies,3
engineering curriculum,3
engineering ethic,3
engineering practice,3
epistemology,3
ethical and legal aspects,3
ethical dilemma,3
ethical expertise,3
ethical issue,3
ethical reasoning,3
ethics code,3
ethics teaching,3
eugenics,3
europe,3
european union,3
evolution,3
experiment,3
faculty,3
financial disclosure,3
game theory,3
games,3
gene editing,3
genetic engineering,3
genetic enhancement,3
genetic research,3
genetic tests,3
global ethics,3
gm crops,3
gm foods,3
good scientific practice,3
guidelines,3
health,3
heuristics,3
history of science,3
hospital ethics committees,3
human cloning,3
human experimentation,3
human factors,3
image processing,3
implementation,3
information security,3
intelligence,3
interdisciplinary research,3
interests,3
islamic ethics,3
journalism,3
life sciences,3
manipulation,3
maqasid al-shari’ah,3
measurement,3
mediation,3
medical education,3
methodology,3
mhealth,3
midstream modulation,3
military ethics,3
mitigation,3
monitoring,3
moral agency,3
moral dilemma,3
moral dilemmas,3
moral theory,3
motivation,3
multinational corporations,3
nanomedicine,3
nuclear power,3
nuclear waste,3
nuclear weapons,3
online,3
online courses,3
online education,3
open access,3
open source,3
organizational culture,3
ori,3
participatory technology assessment,3
patients,3
peace,3
peer-review,3
personal responsibility,3
pharmaceutical industry,3
philosophy of science,3
placebo effect,3
problem of many hands,3
professional autonomy,3
professional codes of ethics,3
professional standards,3
professions,3
public interest,3
public opinion,3
public understanding of science,3
publication bias,3
qualitative analysis,3
realism,3
recycling,3
reflection,3
reflexivity,3
research collaboration,3
research design,3
research funding,3
research guidelines,3
research support,3
reviewers,3
risk analysis,3
robot,3
robotics,3
robots,3
science journalism,3
scientific community,3
scientific practice,3
scientific research,3
self,3
self-driving car,3
self-driving cars,3
self-tracking,3
simulators,3
social contract,3
social experiment,3
social media,3
social network,3
social responsibility of scientists,3
systematic review,3
transdisciplinarity,3
unethical behavior,3
urban planning,3
virtual reality,3
vulnerability,3
waiver of consent,3
world medical association,3
3d printing,2
3rs,2
abet 2000,2
abortion,2
abuse of power,2
academia,2
academic assessment,2
academic writing,2
academics,2
acceptability,2
accessibility,2
adaptive management,2
advisor,2
aids,2
alienation,2
ambient intelligence,2
ambiguity,2
american medical association,2
animal research ethics,2
animal rights,2
antidepressants,2
apology,2
applied research,2
argumentation schemes,2
aristotelian ethics,2
asd,2
assisted reproductive technology,2
assumptions,2
attribution,2
autism spectrum disorder,2
automated vehicles,2
autonomous cars,2
autonomous driving,2
awareness,2
behavior,2
behavioral ethics,2
behavioral research,2
belmont report,2
best practices,2
bias in research,2
bibliometric analysis,2
bibliometric data,2
biobank,2
bioeconomy,2
bioengineering,2
biological scientist,2
biology,2
biometrics,2
biopharmaceuticals,2
bioprinting,2
brain–machine interface,2
brain tumor,2
breast cancer,2
buddhism,2
capabilities-based approach,2
capabilities approach,2
case-based instruction,2
case study,2
character,2
civil disobedience,2
civil engineering,2
climate policy,2
climate science,2
clinical ethics consultation,2
clinical research ethics,2
cloud computing,2
codes of conduct,2
cognitive ethnography,2
colleagues,2
collective decision-making,2
collegiality,2
commercialization,2
community,2
community engagement,2
comparator,2
competence,2
competing interests,2
complexity,2
computer law,2
computer science,2
conduct,2
consciousness,2
conservation biology,2
content analysis,2
cope,2
copyright infringement,2
corrections,2
cost,2
cost-benefit analysis,2
council of europe,2
counterfactuals,2
counternorms,2
course development,2
criminal law,2
crispr,2
criteria,2
critical theory,2
cross-cultural,2
cultural competence,2
curricula,2
curriculum design,2
cyber-security,2
cyber security,2
cybersecurity,2
cyprus,2
data analysis,2
data collection,2
data protection,2
databases,2
decision theory,2
deep brain stimulation,2
design theory,2
developing world,2
dewey,2
dialogue,2
digital image,2
dilemmas,2
disabilities,2
discourse ethics,2
diversity,2
do-it-yourself,2
do no harm,2
dose,2
double standard,2
eastern europe,2
eco-innovation,2
eco-principles,2
ecological ethics,2
economy,2
editing,2
editorial policy,2
educational,2
efficacy,2
egalitarianism,2
egoism,2
emotions,2
empirical ethics,2
energy policy,2
enforcement,2
engagement,2
engineering and public policy,2
engineering code of ethics,2
engineering design,2
engineering students,2
english as an additional language (eal) authors,2
entrepreneurship,2
environmental education,2
environmental issues,2
environmental justice,2
environmental management,2
environmental policy,2
environmental protection,2
environmental risk,2
environmental science,2
epidemiology,2
epistemic virtue,2
epistemic virtues,2
equity,2
error,2
errors,2
ethical conduct,2
ethical matrix,2
ethical misconduct,2
ethical parallel research,2
ethical principles,2
ethical relativism,2
ethical responsibility,2
ethical sensitivity,2
ethical standards,2
ethical systems,2
ethical thinking,2
ethics cases,2
ethics codes,2
ethics consultation,2
ethics of architecture,2
ethics of robotics,2
ethics of science and technology,2
ethics research,2
ethics support,2
ethnicity,2
ethnography,2
european commission,2
euthanasia,2
exoneration,2
expediency,2
experiential learning,2
experts,2
exploitation,2
extortion,2
fab lab,2
faculty roles,2
faculty surveys,2
failure,2
fair,2
fake peer review,2
fatwa,2
feminist science studies,2
financial analysis,2
financial audit,2
financial conflict of interest,2
first amendment,2
fmri,2
food,2
food safety,2
fractious problems,2
frankenstein,2
fraudulent publications,2
freedom of speech,2
gender equality,2
genetic determinism,2
genetic testing,2
genome editing,2
ghostwriting,2
global justice,2
global warming,2
gm food,2
gmos,2
good communication,2
good science,2
government,2
government regulations,2
graduate student,2
graduate training,2
grant,2
grant applications,2
green engineering,2
green revolution,2
greenhouse-gas emissions,2
group consent,2
group decision room,2
harmonisation,2
healthcare,2
high impact,2
hijacked journals,2
honor code,2
honor codes,2
hormesis,2
human genome project,2
human organ transplantation,2
human security,2
human subjects research,2
humanitarian,2
humanities,2
icmje,2
ict,2
identity theft,2
ignorance,2
impact assessment,2
impartiality,2
industry and education,2
infrastructure,2
institutional conflict of interest,2
institutional review boards,2
instructional design,2
instructional methods,2
instructional technology,2
instructions for authors,2
integration,2
intellectual property rights,2
interdisciplinary,2
intergenerational justice,2
international guidelines of biomedical research,2
international law,2
internet,2
internet architecture,2
investigator,2
iran,2
islamic bioethics,2
job satisfaction,2
joseph rotblat,2
journalology,2
judgment framework in construction,2
kant,2
knowledge economy,2
laboratories,2
language,2
learning,2
legal issues,2
levels of abstraction,2
lifeworld,2
light pollution,2
lock-in,2
machine ethics,2
machine learning,2
macro-ethics,2
managers,2
manufacturing,2
manuscript,2
manuscript submission,2
meaning,2
meaningful work,2
medical association,2
medical experiments,2
medical journals,2
medical publication,2
medical students,2
member state,2
metaphor,2
method,2
metrics,2
mind reading,2
misconceptions,2
misinformation,2
moral agent,2
moral courage,2
moral disengagement,2
moral imagination,2
moral luck,2
moral standing,2
multiagent systems,2
nanoethics,2
nationality,2
navajo people,2
navigational approach,2
networks,2
neuropolitics,2
neurotechnology,2
new england journal of medicine,2
ngos,2
non-inferiority,2
normative practice,2
novelty,2
nsf,2
nuclear,2
nuclear physics,2
nudging,2
objectivity,2
oecd,2
office of research integrity,2
ombudsman,2
online instruction,2
online learning,2
online resources,2
open data,2
open science,2
ordre public,2
organizational climate,2
organizational survey,2
oxford english dictionary,2
paradigms,2
parafraud,2
paramountcy clause,2
patentability,2
patient safety,2
personality,2
personalized medicine,2
personhood,2
persuasion,2
persuasive technology,2
pharmaceutical,2
phd education,2
phenomenology,2
philosophy of the city,2
physical sciences,2
physicians,2
placebos,2
planning,2
plausibility,2
playing god,2
pluralism,2
policies,2
polish,2
positivism,2
post-publication peer review,2
practical ethics,2
practical wisdom,2
pragmatic ethics,2
praxis,2
predatory,2
predatory journals,2
predatory publishing,2
president’s council on bioethics,2
press council,2
principal investigator,2
principlism,2
privatization,2
problem-solving,2
problems,2
procedural ethics,2
process,2
product development,2
professional,2
professional development,2
professional self-regulation,2
promotion,2
property rights,2
proportionality,2
protocols,2
prudence,2
public communication,2
public construction sector,2
public good,2
public safety,2
public values,2
publish or perish,2
publishers,2
publishing,2
publishing ethics,2
publishing standards,2
quality assurance,2
quality control,2
race,2
radiation,2
radioactive waste,2
rationality,2
rawls,2
rcr training,2
reasonable care,2
redundancy,2
reflectivity,2
regulations,2
renewable energy,2
renewables,2
replication,2
reproduction,2
reproductive cloning,2
reputation,2
research and development,2
research ethics committee,2
research ethics education,2
research governance,2
research group,2
research integrity officer (rio),2
research oversight,2
research practice,2
research regulation,2
research relationship,2
responsibility-gaps,2
responsible conduct of science,2
responsible research and innovation (rri),2
responsible research conduct,2
retaliation,2
retraction of publication,2
retrievability,2
review journal,2
reward,2
risks,2
role-play,2
role-playing,2
role model,2
role responsibility,2
rpas,2
scholarly black market,2
science and technology studies,2
science metrics,2
science of science,2
science publishing,2
scientific authorship,2
scientific ethics,2
scientific information,2
scientific literature,2
scientific method,2
scientific positivism,2
scientific publication,2
scientific speech,2
scientific virtues,2
scientific writing,2
scientist,2
secrecy,2
self-determination,2
senior scientist,2
serendipity,2
service-learning,2
sham surgery,2
sharing,2
simulation,2
skepticism,2
skills,2
social acceptability,2
social construction,2
social determinism,2
social ethics,2
social theory,2
society for neuroscience,2
socio-technical systems,2
software,2
software engineer,2
software engineering,2
software piracy,2
soil,2
solar photovoltaic,2
sousveillance,2
stakeholder theory,2
standard of care,2
statistical power,2
statistics,2
stereotypes,2
stewardship,2
structural equation modelling,2
student engagement,2
suicides,2
superiority,2
supervision,2
teaching methods,2
technological action,2
technological innovation,2
technological unemployment,2
technology development,2
technology ethics,2
technology transfer,2
technothink,2
terminology,2
text-based plagiarism,2
thalassaemia,2
theory,2
threat,2
tissue engineering,2
toleration,2
tools,2
trainee,2
transhumanism,2
transplantation,2
transportation ethics,2
trustworthy research,2
uav,2
unesco,2
universities and colleges,2
university-industry relationships,2
upstream public engagement,2
use-inspired research,2
user-centered design,2
validation,2
value,2
value conflicts,2
values in design,2
verification,2
voluntary standards,2
war,2
waste,2
water governance,2
weapons research,2
wearable sensors,2
web-based instruction,2
whistleblower,2
wicked problems,2
wind,2
world health organization,2
yucca mountain,2
#overlyhonestmethods,1
(non-)weird,1
‘good practice’,1
‘soft’ sciences,1
“dangerous” climate change,1
“everydayness”,1
“hard’ sciences,1
“minimums”,1
“nirvana fallacy”,1
“right from wrong” test,1
“the minimum standard”,1
10 principles of leiden manifesto,1
3d-printing,1
3r’s,1
5tu,1
a11,1
abet criteria,1
abet engineering criteria,1
abet outcomes,1
abet tac criterion,1
ability to act,1
abiotic,1
abiotic stress,1
abortion laws,1
abraham biggs,1
academic,1
academic-industrial complex,1
academic challenges,1
academic communities,1
academic debate versus practices,1
academic environment,1
academic ethic,1
academic freedom/responsibility,1
academic information security,1
academic institutions,1
academic journal,1
academic medicine,1
academic morality,1
academic philosopher,1
academic physics,1
academic science,1
academic society,1
academic values,1
academic websites,1
academies of science,1
acceptable risk,1
acceptance rates,1
access,1
access control,1
access to information,1
accessible html,1
accountability forums,1
accounting,1
acculturation,1
accuracy,1
accused,1
acid mine drainage,1
action-guiding,1
active-control,1
active responsibility,1
activism,1
activist engineer,1
activist engineering,1
actor-network theory,1
acupuncture,1
adaptation,1
adaptive expertise,1
adaptive technology,1
adaptive tools,1
additive interdisciplinarity,1
additive manufacturing (am),1
administrative reason,1
admissions,1
adobe masonry,1
adoption,1
adorno,1
adventitious viral agents,1
adversarial experiments,1
adverse drug reactions,1
advertise claim,1
advertising ethics,1
advertising in medical journals,1
advisor-advisee communication,1
advisor supervision of research,1
advisory system,1
advocacy,1
aerial mapping,1
affective brain–computer interface,1
affective states,1
affiliation bias,1
affirmative action,1
africa,1
african american ethics,1
african universities,1
agent-centered,1
agent based models,1
agile development,1
agitation,1
agrarianism,1
agreement architecture,1
agricultural biotechnology,1
agricultural development,1
agricultural ethics,1
agricultural professionals,1
agroecology,1
ai,1
ai-crime,1
ai and law,1
ai4sg,1
aims of education,1
air-pollution,1
air bags,1
air travel,1
airport security,1
alasdair macintyre,1
aldo leopold,1
algorithm,1
algorithmic responsibility,1
allegations of research misconduct,1
allocation of authorship,1
altered nuclear transfer,1
alternative methods,1
alternative outcome scenarios,1
alternative standard,1
ambient air temperature,1
ambient assisted living,1
ambient technology,1
ambivalence,1
american academy of microbiology,1
american chemical society,1
american indians,1
american society for microbiology,1
american sociological association,1
ammonia synthesis,1
an ethics review in epidemiology,1
analytic,1
and environment,1
and genetically modified food,1
and levels of integration,1
and public policy,1
aneurysm,1
animal behavioral research,1
animal disease genomics,1
animal experiments,1
animal intelligence,1
animal models,1
animal research design,1
animal rights extremists,1
animal welfare and care,1
ankara chamber of medicine,1
annual meeting,1
anonymization,1
answerability,1
ant,1
anthropocentrism,1
anthropology,1
anthropology of energy,1
anti-reductionism,1
anticipatory co-ordination,1
anticipatory ethics,1
antitrust laws,1
antiwork,1
antonio damasio,1
aospan,1
appearance,1
application of science,1
applied and professional ethics,1
applied feminist engineering ethics,1
applied mereology,1
applied philosophy,1
approaching complex and ill-structured social problems,1
appropriate access,1
arab countries,1
archaeological resources protection act,1
archaeology,1
archaeology/anthropology,1
architecture ethics,1
architecture theory,1
archives,1
argument mapping,1
arms control,1
arnold pacey,1
artefact,1
artesian basin,1
article retractions,1
artificial agent,1
artificial agents,1
artificial intelligence (ai),1
artificial life,1
artificial light at night,1
artificial moral agent,1
artificial moral agents,1
artificial offspring,1
aruna shanbaug,1
ascribed ethics,1
asilomar conference,1
aspirational,1
assay sensitivity,1
assisted reproduction,1
assistive system,1
association of pharmaceutical companies representatives in poland (spffwp),1
association rules,1
athletics,1
atm,1
atom bomb,1
atomic,1
atomic bomb,1
atomic energy,1
atomic weapons,1
attack,1
attainment,1
attitude change,1
attribution of responsibility,1
audiences,1
audit,1
auditing,1
auschwitz,1
australia,1
author,1
author-rank,1
author disclosure,1
author list,1
authors,1
authorship-quantification,1
authorship-responsibility,1
authorship assignment,1
authorship attribution,1
authorship credit,1
authorship criteria,1
authorship policies,1
autism research,1
autobiographical memory,1
automated text-matching,1
automated text analysis,1
automobile,1
autonomous car,1
autonomous vehicles,1
axiology,1
bad samaritanism,1
bahram,1
balance,1
baldride,1
ban,1
bandura’s sociocognitive theory,1
bankruptcy prediction tools,1
bankruptcy prevention,1
basic income,1
basic research,1
bayh-dole act,1
bci illiteracy,1
behavior change,1
behavior change technology,1
behavioral sciences,1
being human,1
belief,1
belief systems,1
beneficence,1
beneficial trojan horse,1
benefits of research,1
benin,1
best worst method,1
bettering humanity,1
bhagavard gita,1
biased refereeing,1
biased review,1
biases,1
binary system,1
bio-databanks,1
bio-weapons,1
biobanking,1
biobanks,1
biobases,1
biochar,1
biochip,1
biocrime,1
biocultural anthropology,1
biodiversity,1
bioengineering ethics,1
bioethics committees,1
bioethics curriculum,1
bioethics education,1
bioethies,1
bioinformatic,1
biological and chemical weapons,1
biological and toxin weapons convention,1
biological artifacts,1
biological cognitive enhancement,1
biological complexity,1
biological material,1
biological sciences,1
biological weapon,1
biological weapons convention,1
biomedical,1
biomedical devices,1
biomedical enhancement,1
biomedical ethics,1
biomedical journal,1
biomedical publishing,1
biomedical researcher,1
biomedical sciences,1
biopreparedness,1
biosafety testing,1
biosample,1
biosecurity law,1
biosecurity regulations,1
biosocial theories of crime,1
biotechnical inventions,1
biotechnological invention,1
biotechnological inventions,1
bioterror,1
biotic stress,1
bird community,1
black market,1
black swan,1
blame,1
blameworthiness,1
blended learning,1
blind review,1
blind reviews,1
blinding,1
blogs,1
blow-by,1
bnfl,1
body,1
bodytrack,1
bogus conference,1
book reviews,1
boundaries,1
boundary problem,1
bovine spongiform encephalopathy,1
brain–computer interface (bci),1
brain and criminal behavior,1
brain computer interfaces,1
brain death,1
brain drain,1
"brain implant, brain device, capacities",1
brain machine interface,1
brain machine interfaces,1
brain reading,1
breakdowns,1
breeding season,1
britain,1
broad impact,1
broad model,1
broad sense,1
browser wars,1
buddhist ethics,1
bugs,1
building codes,1
burden of proof,1
burdens of proof,1
bure france,1
bureaucratisation,1
business environment,1
business ethies,1
business operations,1
business practices,1
buying decision-making,1
bwc,1
bystander effect,1
cache memory,1
calling,1
cancer research,1
candidate country,1
capabilities,1
capability,1
capability approach,1
capacity,1
capacity building,1
cape horn,1
capecitabine,1
capes,1
capstone course,1
capstone design,1
captive animal,1
caramuel,1
carbon budgets,1
carbon pricing,1
carbon sinks,1
carcinogens,1
card cloning,1
card skimming,1
care centered value sensitive design,1
care ethics,1
care of the environment,1
care robot ethics,1
care robots,1
career pressure,1
careers in academia,1
case-based,1
case-based aiding systems,1
case-based knowledge,1
case-based learning,1
case-studies,1
case discussion,1
case report,1
case study model,1
casuistry,1
causation,1
caux round table,1
cbrn,1
ccs,1
cdio,1
cen,1
censorship,1
center for nanophase materials sciences,1
central american country,1
central europe,1
century health,1
certainty,1
cfcs,1
challenge,1
challenges,1
chance,1
cheating and academic major,1
checklist model,1
chemical,1
chemical incident,1
chemical toxicity,1
chemical weapon convention,1
chemistry,1
chernobyl,1
child safety and privacy,1
childhood,1
children,1
chimpanzees,1
chinese philosophy,1
chinese researchers,1
chinese scientists,1
chinese twins,1
choice of control,1
christian,1
christian ethical categories,1
chromium,1
cia definition,1
circumstances,1
citation networks,1
citicorp building,1
citing,1
citizen control versus expert control,1
citizen jury,1
citizens’ veillance,1
civic science,1
civil drones,1
civil law,1
civil rights,1
civil society actor,1
civil society actors,1
clarification committees,1
classical liberalism,1
classroom cheating,1
clients,1
climate adaptation,1
climate change communication,1
climate change economics,1
climate engineering,1
climate ethics,1
climate justice,1
climate management,1
climate scientists,1
clinical ethics committees,1
clinical ethics support,1
clinical images,1
clinical investigation,1
clinical investigators,1
clinical research customers,1
clinical research process,1
clinical trial application,1
clinical trial design,1
clinical trials and placebo,1
clones,1
cluster analysis,1
cluster bombs,1
cnpq,1
cnpq researchers,1
co-author,1
co-creation,1
co-operative education,1
co-responsibility,1
co-word analysis,1
coal-burning industries,1
cochlear implantation,1
codata,1
code implementation,1
code of ethics of practice for medical practitioners,1
code of practice,1
codes of engineering ethics,1
coercion,1
cognitive,1
cognitive-developmental approach to moral education,1
cognitive-developmental perspective,1
cognitive mapping,1
cognitive science,1
coi,1
coi sensitivity,1
cold fusion,1
collaborative,1
collaborative design,1
collaborative spaces,1
collective action,1
collective afterlife,1
collective experimentation,1
collective openness,1
collective or social capabilities,1
collectivization duty,1
college students,1
collegial ethics,1
colonization,1
colorado school of mines,1
combat,1
commercial,1
commercial confidentiality,1
commercial sponsorship of research,1
commercial sponsorship of university research,1
commercialisation of science,1
commercialization of science,1
commodification,1
common but differentiated responsibilities,1
common good,1
common ground,1
common law contracts,1
common law torts,1
common\xa0science pitfall,1
communicating,1
communicating “science”,1
communicating statistics,1
communication of best practices,1
community-based participatory research,1
community-based research,1
community acceptance,1
community collaboration,1
community consent,1
community consultation,1
community consulting,1
community design projects,1
community of researchers,1
community pharmacists,1
community pharmacy,1
community research,1
comparative philosophy,1
comparative study,1
compartmentalizing,1
compensating wage differential (cwd),1
compensation,1
compensatory strategies,1
competence development,1
competence in ethics,1
competences,1
competency to stand trial,1
competition,1
competition among researchers,1
competitive activity,1
competitive bidding,1
competitive construction bidding,1
complaint,1
complaints,1
complex moral assessment,1
complex situation,1
complexity of software systems,1
complexity science,1
complexity theory,1
complicity,1
composting,1
comprehensive engineering,1
comprehensive review,1
compressed,1
compression,1
compromised trust,1
computational model,1
computational modeling cases,1
computer-supported learning,1
computer culture,1
computer ethic,1
computer ethics codes,1
computer ethies,1
computer forensics,1
computer politics,1
computer professional responsibility,1
computer revolution,1
computer science faculty,1
computer science research,1
computer science student,1
computer system,1
computer technology,1
computer/informatics,1
computerize society,1
computing,1
concept matching,1
concept of group,1
concept of responsibility,1
concept of risk,1
concept of the gene,1
concept research,1
conception of life,1
conceptual spaces,1
concern,1
conditions of adequacy,1
conduct of science,1
conference features,1
conferences,1
confidence,1
conflict,1
conflict-of-interest,1
conflict interests,1
conflict mineral,1
conflict of commitment,1
conflict resolution,1
conflicts in biomedical research,1
conflicts in clinical trials,1
conflicts of interests,1
confucianism,1
congressional inquiry,1
conjuncture,1
conscience,1
consent documents,1
consented autopsy,1
conservation ethics,1
constitutional scrutiny,1
construal-level theory,1
constructed knowledge,1
construction briefing,1
construction companies,1
construction management,1
construction organisation,1
construction projects,1
constructive controversy,1
constructive dialogue,1
constructivism,1
constructivist,1
constructivist learning,1
constructivist listening,1
consultancy,1
consultant,1
consultants,1
consultation,1
consulting,1
consulting ethicist,1
consumer,1
consumer behaviour,1
contamination,1
contextual integrity,1
contextualization,1
continuing education,1
continuing medical education,1
continuous learning,1
contraception,1
contract,1
contract testing laboratories,1
contribution,1
contribution to religious environmental ethics,1
contributors,1
contributorship,1
control group,1
controlled clinical trial,1
convenience,1
convention on human rights and biomedicine,1
conventional and principled moral reasoning,1
convergence of plurality of motivation,1
cooperative learning,1
copyfind,1
copying,1
copyright issues,1
copyrights,1
core subject,1
corporate funding of academic research,1
corporate interests,1
corporate self-assessment,1
corporate social responsibility (csr),1
corporate sponsorship,1
corporate training,1
corporation,1
correction,1
correction of archival records,1
correction of the literature,1
corrupt practice,1
corruption perception index,1
corruption vulnerabilities,1
cost-benefit,1
cost breakdown,1
costs,1
costs and benefits,1
counter measure,1
country contribution,1
course structure,1
cover letter,1
cradle-to-grave,1
creative accounting,1
creative individual,1
credit assignment,1
credit system,1
crime,1
criminal fraud,1
criminal justice ethics,1
criminal justice policy,1
criminal responsibility,1
crisper,1
crispr–cas9,1
crispr/cas9,1
crispr/cas9 editing tool,1
criteria for awards and prizes,1
critical care,1
critical mass,1
critical neuroscience,1
critical realism,1
critical thinkers,1
critical thinking,1
cross-cultural ethics,1
cross-cultural studies,1
cross-field,1
cross-national,1
cross-rank,1
cross culture,1
crosscheck,1
crowdfunding,1
cse,1
cudos,1
culpable,1
culpable ignorance,1
cultural-historical activity theory (chat),1
cultural dimensions,1
cultural diversity,1
cultural ethics,1
cultural ground,1
cultural property,1
cultural relativism,1
cultural relativity,1
cultural theory,1
cultural transformation,1
culture of integrity,1
culture transcending guidelines,1
cumulative sum,1
curiosity,1
customer loyalty,1
cwc,1
cyber-crime,1
cyber attack,1
cyber terrorism,1
cyber violence,1
cyberethics,1
cybernetics,1
daily press,1
dangerous knowledge,1
dangerous technology,1
danish committee on scientific dishonesty,1
darkness,1
darurah,1
darwin,1
data-trimming,1
data access,1
data availability,1
data compression,1
data donation,1
data duplication,1
data fabrication and falsification,1
data governance,1
data handling,1
data integrity,1
data interpretation,1
data medicine (dm),1
data misrepresentation,1
data ownership,1
data philanthropy,1
data privacy,1
data science,1
data set,1
data trimming,1
databank managers,1
database,1
database privacy,1
davis,1
de george,1
de hoop dam,1
deaf culture,1
dearing report,1
death,1
debate,1
debriefing,1
debunking arguments,1
deceased donor,1
deceit,1
decision-making model,1
decision-power,1
decision making under risk,1
declaration of interest,1
declarations of conflict of interests,1
dedicate,1
deep brain stimulation (dbs),1
deep geological storage,1
deep sciences,1
deepwater horizon,1
deferiprone,1
deferred consent,1
defining data,1
defining information security,1
definition of research misconduct,1
definitions,1
degeneracy,1
degree of moral rightness,1
deliberate infection,1
deliberative dialogue,1
deliberative processes,1
delirium,1
delivery format,1
delusory parasitosis,1
democratic republic of congo (drc),1
demographics,1
dentistry,1
deontologism,1
deontologists,1
department,1
descartes,1
description,1
descriptive framework,1
desert,1
design engineering,1
design ethics course,1
design ethics education,1
design for environment,1
design game,1
design philosophy,1
design psychology,1
design requirements,1
design responsibility,1
designing life,1
designing thinking,1
deskilling,1
detection,1
detection tool,1
determinism,1
deterrence and sanctioning of misconduct,1
detrimental research practices,1
developing nation,1
development of ethical beliefs,1
dha,1
dialog ethic,1
dialogical governance,1
difficult case,1
diffusion of responsibility,1
digital companions,1
digital currency,1
digital ethics,1
digital health,1
digital health technologies,1
digital information,1
digital medicine,1
digital payments,1
digital well-being,1
dignity,1
diligence,1
direct-to-consumer advertising,1
direct and foreseeable consequences,1
direct evidence,1
directive 2001/20/ec,1
directive 98/44/ec,1
disaffiliation,1
disagreement,1
disasters,1
disciplinary committee,1
disclosure of interests,1
discount rate,1
discounted payback period,1
discovery,1
discovery and invention,1
discretion,1
discussion boards,1
dishonesty,1
dishonesty prevention,1
disorders of sex development,1
disposal unit,1
dispositional knowledge,1
dispositions,1
dissemination,1
dissent,1
dissociated technological delegation,1
distance,1
distributed cognition,1
distributed moral cognition,1
distributed morality,1
distribution system,1
diverse interests,1
dna,1
dna patenting,1
doctoral education,1
doctoral socialization,1
doctoral training,1
doctors’ dual obligations,1
doctors’ independence,1
document plagiarism,1
dodd-frank regulation,1
domain-specific principles,1
domestic-plus,1
donate embryos,1
dooyeweerd’s ontological account,1
dopamine,1
doris,1
dose response,1
double-blind-experiment,1
double-effect reasoning,1
double-loop learning,1
down’s syndrome,1
drafting,1
drama,1
drinking water,1
drug deregulation,1
drug development,1
drug development and research,1
drug discovery/development,1
drug regulation,1
drug safety evaluation,1
drug user,1
drugs,1
dual-use biomedical research,1
dual-use dilemma,1
dual-use research,1
dual publication,1
dual use research,1
dual use technologies,1
dualism,1
duplication,1
durability,1
duty,1
duty of association,1
duty of care,1
duty of rescue,1
duty of restraint,1
duty to intervene,1
dynamic consent,1
dynamic e-ic,1
dystopia,1
e-commerce,1
e-gaming,1
e-government,1
e-waste,1
e3ls issues,1
early-career researchers,1
early acceptance,1
early career researchers,1
early intervention,1
early teaching,1
earth-keeping,1
earthquake prediction,1
earthquake resistant design,1
east/west,1
eco-design,1
eco-restructuring of technology,1
ecological risk assessment,1
ecological robots,1
ecological soundness,1
ecological/environmental science,1
economic efficiency,1
economic indicators,1
economic policy,1
economic rights to intellectual property,1
ectogenesis,1
ecvs–mvs congruence,1
editor,1
editorial boards,1
editorial freedom,1
editorial independence,1
editorial office,1
editorial process,1
editorial standards,1
editorial system,1
education and society,1
education and teaching engineering ethics,1
education in the responsible conduct of research,1
education law,1
educational activity,1
educational values,1
educators,1
edward o. wilson,1
edward tufte,1
effective education of ethics,1
efficient operation,1
efqm model,1
eight dimensions,1
einclusion,1
electric power grid,1
electricity,1
electronic informed consent (e-ic),1
electronic interference,1
electronic monitoring,1
electronic publishing,1
electronic system,1
electronic waste,1
electronics,1
electronics recycling,1
elicitation,1
elsa,1
elsevier,1
email,1
email policy,1
embarrassment,1
embedded research,1
embedded values,1
embeddedness,1
embodiment,1
embryo,1
embryo protection,1
embryo protection law,1
embryology,1
embryonic stem cell research,1
emergency,1
emergency management,1
emerging ict,1
emerging infections,1
emerging science and technologies,1
emerging technology,1
emissions rights,1
emothional literacy,1
emotion regulation,1
emotional abuse,1
emotional engagement,1
empirical approach,1
empirical security,1
empiricism,1
employee–organization pro-environmental values fit,1
employees’ private-sphere pro-environmental behavior,1
employees’ public-sphere pro-environmental behavior,1
employment,1
empowering participants,1
end-user,1
energy culture,1
energy efficiency,1
energy ethics,1
energy only (eo),1
energy plus (ep),1
engaged scholarship,1
engagement activity,1
engineering and physical sciences,1
engineering codes,1
engineering codes of ethics,1
engineering curricula,1
engineering economics,1
engineering education in india,1
engineering ethics and professional responsibility,1
engineering ethics courses,1
engineering ethies,1
engineering graduate education,1
engineering graduate students,1
engineering judgment,1
engineering models,1
engineering moral dilemma,1
engineering profession,1
engineering professional development,1
engineering publishing,1
engineering responsibility,1
engineering safety,1
engineering standards,1
engineering studies,1
engineering worldview,1
engineering writing,1
engineers’ mentality,1
engineers’ responsibilities,1
english correction,1
enhancement of human beings,1
enhancement technologies,1
enhancements,1
enrique peñalosa,1
entertainment,1
entire study,1
environment protection,1
environmental activism,1
environmental assessment,1
environmental awareness,1
environmental decision-making,1
environmental engineering,1
environmental impact,1
environmental impact assessment,1
environmental impacts,1
environmental injustice,1
environmental journalism,1
environmental orientation,1
environmental robotics,1
environmental stresses,1
environmental studies,1
environmental sustainability,1
environmental valuation,1
epa,1
epidemics,1
epistemic categories,1
epistemic institutions,1
epistemic integrity,1
epistemic justice,1
epistemic problem,1
epistemic values,1
epistemological beliefs,1
epistemologies,1
equal co-authorship,1
equal contribution,1
equal justice,1
equal opportunities,1
equity versus efficiency,1
erosion,1
erratum,1
error in science/scientific error,1
error propagation,1
errors in science,1
errors in the literature,1
escros,1
essential identity,1
estrangement,1
ethanol,1
ethic,1
ethic committees,1
ethic training,1
ethical acceptability,1
ethical agent,1
ethical analysis,1
ethical and legal considerations,1
ethical and social dimensions of innovation,1
ethical and unethical judgment,1
ethical aspects on information security,1
ethical authorship,1
ethical behaviour,1
ethical behaviourism,1
ethical canons,1
ethical challenge,1
ethical change,1
ethical climate,1
ethical code,1
ethical competence,1
ethical consideration,1
ethical criteria,1
ethical criterias,1
ethical design,1
ethical design standards (edss),1
ethical development,1
ethical dimension,1
ethical dimensions of scientific research (edsr),1
ethical discussion,1
ethical duty,1
ethical education,1
ethical elimate,1
ethical engineer,1
ethical foresight,1
ethical framework,1
ethical frameworks,1
ethical hazards,1
ethical ideals,1
ethical impact assessment,1
ethical implication,1
ethical indicators,1
ethical information retrieval systems,1
ethical insight,1
ethical integrity,1
ethical issues concerning rehabilitation robotics,1
ethical issues in ethnographic research,1
ethical judgment,1
ethical judgment framework,1
ethical judgments,1
ethical learning,1
ethical measurement,1
ethical modernization,1
ethical motivation,1
ethical performance,1
ethical pluralism,1
ethical practices,1
ethical principle,1
ethical problem,1
ethical problem solving,1
ethical ranking model,1
ethical reflection,1
ethical resister,1
ethical review,1
ethical reviews,1
ethical risk management,1
ethical situationism,1
ethical stance,1
ethical strategies,1
ethical theory,1
ethical tradition,1
ethical violation,1
ethical virtues,1
"ethical, legal, and social issues",1
ethics activities,1
ethics and business,1
ethics and discrimination,1
ethics and experimental social psychology,1
ethics and morality,1
ethics and publication,1
ethics and social responsibility,1
ethics approval,1
ethics breaches,1
ethics by design,1
ethics case analysis,1
ethics committees/consultation,1
ethics courses,1
ethics expertise,1
ethics guidelines,1
ethics in decision making,1
ethics in engineering design,1
ethics in higher education,1
ethics in peer review,1
ethics in practice,1
ethics in publishing,1
ethics in research,1
ethics in scientific publications,1
ethics in the lab,1
ethics knowledge,1
ethics manual,1
ethics of ai,1
ethics of authors,1
ethics of care,1
ethics of clinical research,1
ethics of clinical trials,1
ethics of co-authorship,1
ethics of conviction,1
ethics of design,1
ethics of epidemiological research,1
ethics of ethics,1
ethics of harm,1
ethics of nanotechnology,1
ethics of placebo,1
ethics of placebo use,1
ethics of public health studies,1
ethics of research,1
ethics of responsibility,1
ethics of risk,1
ethics of science & technology,1
ethics of science education,1
ethics of self-driving cars,1
ethics of self-driving vehicles,1
ethics pedagogy,1
ethics policies,1
ethics reporting,1
ethics review,1
ethics tribunal,1
ethics websites,1
ethies committee,1
ethies of technology,1
ethos of science,1
eu,1
eu directive,1
euro-mediterranean partnerships,1
european academies,1
european convention,1
european patent convention,1
european patent convention (epc),1
european regulation,1
european union research policy,1
evaluation studies,1
evaluation styles,1
evaluative research,1
evidence-based medicine,1
exaggerated benefits,1
examined scope,1
examiner,1
examples,1
exception from consent,1
exceptionalism,1
exclusion,1
exemplary,1
existential-phenomenological approach to consciousness,1
existential risk,1
exit lights,1
experiential aspect,1
experiential data,1
experiential pedagogy,1
experimental control,1
experimental data,1
experimental philosophy,1
experimental treatment,1
experimentation,1
experiments,1
expert knowledge,1
expert opinion,1
expert scientist writers,1
explainability,1
explanation,1
explication,1
explorative experiment,1
exploratory factor analysis,1
explosion,1
export control,1
extended agency,1
extra-role behavior,1
fabricated peer review,1
fabrication and falsification,1
face-to-face,1
facebook,1
factors,1
factors influencing,1
faculty comments,1
faculty development,1
faculty member,1
faculty member appointment,1
faculty preparation,1
faculty training,1
failure analysis,1
failure trajectory,1
failures,1
fair deal,1
fair publication system,1
fair use,1
fake,1
fake and unethical publishers,1
fake conferences,1
fake graduates,1
fake invitation,1
fake journal,1
fake journals,1
fake profile,1
fake publishers,1
false claims,1
false positives,1
false review rating,1
falsification and fabrication,1
family law,1
family planning program,1
farmers’ rights,1
faustian bargains,1
fda,1
fda oversight,1
fear,1
federal agency,1
federal and state statutes,1
federal definition research misconduct,1
federal funding,1
federal funds,1
federal government,1
federal grants,1
federal regulations,1
feedback,1
feist v. rural telephone,1
female students,1
feminine,1
feminist,1
feminist engineering ethics,1
feminist ethics,1
fetal alcohol syndrome,1
fiction,1
field-specific approach,1
field database,1
field research,1
field research methods,1
file sharing,1
film,1
final decision,1
financial conflict of interests,1
financial conflicts of interest,1
financial indicators,1
financial interest,1
financial optimization,1
financial relationship,1
"financing, organized",1
finland,1
fire,1
first-in-human trial,1
first-in-human trials,1
first-year,1
first year engineering,1
flawed measure,1
flexibility,1
flexible ethics,1
focus group,1
focus group participant,1
focus groups,1
folklore,1
follow-up,1
food crisis,1
food economy,1
food policy,1
food production,1
food security,1
footprint,1
foreign aid,1
foreign corrupt practices,1
forensic research,1
foresight,1
foresight panels,1
form of life,1
formative assessment,1
formatting,1
foster children and hiv/aids,1
fracking,1
fractals,1
framework,1
france,1
frankenstein myth,1
fraud detection,1
free,1
free markets,1
free software,1
free speech,1
freedom and dignity,1
freedom of thought and inquiry,1
frequency,1
frequent report,1
friendship and love,1
fritz haber,1
fruitfulness,1
full ethical agents,1
functional genomics,1
functional mri,1
fund for the improvement of postsecondary education,1
fundamental experiences,1
fundamental question,1
fundamental rights,1
fundamentals of engineering examination,1
funded projects,1
funding,1
funding decisions,1
funding influences,1
future,1
future studies,1
fuzzy thinking,1
gagas,1
gain-of-function research,1
gamed metrics,1
gaps,1
gardiner,1
gatekeepers,1
gender-gap,1
gender equity,1
gender roles,1
gene,1
gene patenting,1
gene technologies,1
gene technology,1
gene therapy,1
general agreement on trade in services (gats),1
general physicians,1
generalization,1
generational equity,1
genethics,1
genetic data,1
genetic databanks,1
genetic essentialism,1
genetic information,1
genetic medical tests,1
genetic screening,1
genetic technology,1
genetic test information,1
genetically modified crops,1
genetically modified food,1
genetically modified organisms,1
genetically modified organisms (gmos),1
genetics research,1
genome editing crops,1
genome engineering,1
genomic,1
genomic era,1
genomic predictors,1
geoengineering,1
geographic inequality,1
geology,1
geometric constant,1
german drug law (deutschesarzneimittelgesetz—amg),1
german medical device regulation (deutsches medizinproduktegesetz—mpg),1
germline engineering,1
germline gene therapy,1
germline therapy,1
gerontology research,1
gert-jan lokhorst,1
ghost authors,1
glioma,1
global,1
global bioethies,1
global catastrophe,1
global community,1
global engineering,1
global governance,1
global healthcare,1
global information infrastructure,1
global issues,1
global policy,1
global risk,1
global south,1
global systems science,1
globalistics,1
globalization,1
gm mosquito,1
gmc,1
gnomoniopsis castaneae,1
gnomoniopsis smithogilvyi,1
goals of online instruction,1
good clinical practice,1
good clinical practice (gcp),1
good laboratory practice,1
good laboratory practices,1
good life,1
good research,1
good research practice,1
good scientific conduct,1
good society,1
governance by experimentation,1
governance experiment,1
governance of innovation,1
governance of science & technology,1
government oversight,1
government policy maker,1
government restriction,1
governmentality,1
graduate,1
graduate education in science and engineering,1
graduate school,1
graduation delay,1
graft,1
grant application,1
grant awards,1
grant funding,1
grant proposals,1
grant stipulations,1
grant transfers,1
grants,1
great pyramid,1
greater good,1
greco,1
greedy string tiling,1
green chemistry,1
grievance,1
group mentor,1
group mentoring,1
group projects,1
group protections,1
group rights,1
group tacit knowledge,1
group work,1
groupthink,1
guarantors,1
guest author,1
guest authorship,1
"guest, ghost and gift authorship",1
guidance,1
guided discussions,1
guideline,1
guilt,1
guilty but mentally ill,1
gxp,1
gynecologists,1
h. t. engelhardt jr.,1
h5n1,1
haber–bosch process,1
habermas,1
halal,1
halalan thoyyiban,1
hans jonas,1
hard and soft impacts of technology,1
harm and wrong in research,1
harman,1
harmful uses of research and technology,1
harmonization,1
haruko obokata,1
harvard medical school,1
hazard pay,1
hazardous waste,1
hazards of drug treatment,1
health and environment,1
health behavior,1
health care allocation,1
health care ethics,1
health care structure,1
health empowerment,1
health management,1
health sciences,1
healthcare law,1
healthy human subject research,1
hecs,1
helsinki declaration and its revisions,1
hero mentors,1
heuristic models,1
hhs,1
hidden design,1
hierarchy,1
high-frequency trading,1
high-impact addiction journals,1
high impact factor,1
high impact journal,1
high rejection rate,1
high standard,1
higher education curriculum,1
higher education management,1
highly cited researchers,1
highly cited review,1
hiring policies,1
hiroshima,1
historic buildings,1
historical,1
historical analysis,1
historical case-scenario,1
historical case study,1
history and philosophy of science,1
history of ethics,1
history of medicine,1
history of scientific records,1
history of technology,1
hiv,1
holism,1
holistic,1
holistic approach,1
holistic thinking,1
holocaust,1
homeopathic treatments,1
honesty,1
hong kong,1
honor killing,1
honors,1
honour,1
horizon 2020,1
hospital,1
hotline,1
how i think questionnaire,1
howard university,1
human-computer interaction research,1
human-subject research,1
human–animal chimera,1
human–robot collaboration,1
human–robot collaborations,1
human–robot interaction,1
human–robot interactions,1
human agency,1
human ambition,1
human aspects on information security,1
human biodiversity,1
human capabilities,1
human clinical research,1
human diversity,1
human evolution,1
human experimental trials,1
human fertilisation,1
human fertilization,1
human flesh search engine,1
human genetic enhancement,1
human genetic testing,1
human genetics,1
human genome,1
human germ cell,1
human germline gene editing,1
human identity,1
human induced pluripotent stem cells,1
human mission to mars,1
human organ donation laws,1
human pluripotent stem cell research,1
human population growth,1
human right to science,1
human right to water,1
human rights-based approaches,1
human rights council,1
human rights indicators,1
human subject protections,1
human subject research,1
human subjects protection,1
human subjects’ protection,1
human values,1
human well being,1
humane education,1
humaneness,1
humanistic,1
humanities and neuroscience,1
humanities and technology,1
humanness,1
humans,1
hungary,1
hurricane katrina,1
hwang affair,1
hwang woo suk,1
hybrid,1
hype,1
hyperconnectivity,1
hypothesis,1
hypothetical retrospection,1
ibo van de poel,1
iclas’ philosophy and guidance,1
identity cards,1
ieee,1
ignatia amara,1
ill-gotten information,1
illinois institute of technology,1
illness,1
image manipulation,1
immanuel kant,1
immigration,1
impact factor journal,1
impact of human activities,1
implantable device,1
implementing rri,1
implicit bias,1
implicit understanding,1
important group,1
improvised and purpose-built weapons,1
in-role behavior,1
in-vitro fertilization,1
in vitro fertilisation (ivf),1
inappropriate authorship,1
incentive programs,1
incentive system,1
incentives,1
incidental finding,1
inclusive education,1
incomes,1
inconsistent theory,1
indc,1
indexing and abstracting,1
indexing systems,1
indian law,1
indigenous communities,1
indigenous research,1
indiscriminate weapons,1
individual autonomy,1
individual differences,1
individual patient data,1
individual rights,1
individual scientist,1
individualism,1
individuality,1
indoctrination,1
indoctrination in moral education,1
inducement,1
inductive approach,1
industrial engineering,1
industrial research and development,1
industrial revolution,1
industrial sponsor,1
industry funding,1
industry funding of research,1
infinite regress,1
inflicted insight,1
informatics,1
information,1
information age,1
information and communication technologies,1
information communication technology,1
information highway,1
information overload,1
information security policy,1
information society,1
information superhighway,1
information systems professionals,1
informational noise,1
informed and proxy consent,1
informed opinion,1
infraethics,1
infusion model,1
injecting,1
injured patient,1
innovation in clinical research,1
innovation systems,1
innovative pharmaceutical industry,1
innovative/original,1
innovators,1
inquiry,1
insanity defense,1
insects,1
insertional mutagenesis,1
inspector general,1
institutional challenges,1
institutional change,1
institutional conflict of interests,1
institutional context,1
institutional framework,1
institutional guidelines,1
institutional integrity,1
institutional loyalty,1
institutional policies and procedures,1
institutional reform,1
institutional review,1
institutional review board,1
institutional review of ethnographic research,1
institutional role to promote integrity,1
institutional roles to promote integrity,1
institutional structure,1
institutionalism,1
institutionalization of responsibility: committed behavior,1
institutions,1
instruction for authors,1
instruction to authors,1
instructional materials development,1
instrumental,1
instrumental rationality,1
instrumental research,1
instrumental science,1
instrumentalism,1
insurance,1
integral model,1
integrated assessment models,1
integrative interdisciplinarity,1
integrity committees,1
integrity of ethics,1
integrity of peer review,1
integrity of research data,1
intellectual capital,1
intellectual credit,1
intellectual honesty,1
intellectual integrity,1
intellectual ownership,1
intellectual property policies,1
intellectual property rights (ipr),1
intensive care unit,1
intention,1
intention and measure,1
intentional infection,1
inter-subjective,1
interaction,1
interaction session,1
interactive installations,1
interdisciplinarity,1
interdisciplinary higher education,1
interdisciplinary studies,1
interdisciplinary study programmes,1
interdisciplinary work,1
interesting pattern,1
interface,1
interior design,1
intermediate technology,1
internal fraud,1
internal goods,1
internalism,1
internalization,1
international,1
international bioethics committee,1
international climate change negotiations,1
international commission on radiological protection,1
international conference on harmonisation (ich),1
international council for science,1
international declarations,1
international ethical standards,1
international intellectual property policy,1
international outsourcing,1
international perspective,1
international professional standards,1
international research ethics,1
international science system,1
international students,1
international survey,1
internationalization of science,1
internet-of-things,1
internet access,1
internet census 2012,1
internet engineering task force,1
internet fraud,1
internet governance,1
internet mediation,1
internet misuse,1
internet of things,1
internet research methods,1
internships,1
interpersonal exchange,1
interrogation,1
intersex,1
intertwinement of ethical and technical issues in engineering,1
interviews,1
intrinsic ethics,1
intrinsic value,1
intrinsic value of life,1
introductory computer science,1
intuition,1
intuitions,1
intuitive ethics,1
invasion of privacy,1
invention,1
investigator-sponsor relationship,1
investigator-subject relationship,1
ionizing radiation,1
iq,1
irony,1
irresistible impulse,1
iseda,1
islamic,1
islamic law,1
iso,1
ius in bello,1
ivf,1
jamieson,1
jewish,1
job insecurity,1
joel feinberg,1
john henry newman,1
john searle,1
joint epistemic action,1
journal citations,1
journal editors,1
journal functions,1
journal instructions,1
journal management,1
journal of bacteriology,1
journal peer review,1
journal policies,1
journal publication,1
journal publications,1
journal submission,1
journal vaccine,1
judgement,1
judicial scrutiny,1
junior high school,1
junior school,1
junk science,1
just culture,1
just war,1
justifiable exception,1
justification,1
k30,1
kantian conception of virtue,1
kantians,1
karoo,1
kennewick,1
key information,1
keywords,1
kierkegaard,1
kind essentialism,1
kitty genovese,1
knight,1
knowledge assessment,1
knowledge ecologies,1
knowledge for its own sake,1
knowledge framing,1
knowledge society,1
kohlberg’s theory of moral development,1
kristin shrader-frechette,1
labeling controversies,1
labor,1
laboratory,1
laboratory ethics curriculum,1
laboratory management,1
laboratory practice,1
labour intensive,1
land use,1
language games,1
large hadron collider,1
laser,1
laser ethics,1
laser eye surgery,1
laser tattoo removal,1
lasers,1
late-modern technology,1
latin america,1
latour,1
laws,1
lax selection,1
laxity,1
learner centred learning,1
learning effects,1
learning environment,1
learning process,1
least publishable unit,1
legal,1
legal admissibility,1
legal aspects,1
legal protection,1
legal provisions,1
legal punishment,1
legal regulations,1
legislation and jurisprudence,1
legitimacy,1
legitimate goals of ethics teaching,1
legitimate interest,1
legitimate process,1
leibniz,1
lesser developed nations,1
lesson learned,1
leveson inquiry commission,1
liability in robotic-assisted surgery,1
liberalism,1
libertarianism,1
liberty,1
libet,1
librarians,1
licensing,1
licensing of clinical trials in russia,1
lies,1
life-forms,1
life cycle,1
life science ethics,1
life scientists,1
life’s chemistry,1
lifelog,1
lifetime debarment,1
limitations of scientific certainty,1
limitations on inquiry,1
limited monopoly,1
literature,1
literature correction,1
lithuanian health system law,1
litigation,1
livelihoods,1
living machine,1
local democracy,1
locke,1
logic rules,1
logistics,1
long-chain polyunsaturated fatty acids,1
long timescales,1
longitudinal study,1
low- and middle-income countries,1
low and middle income countries,1
luck,1
ludwik hirszfeld,1
macro- and micro-approaches in engineering ethics,1
magnetoencephalography,1
maker culture,1
makerspace,1
malnutrition,1
mammalian cloning conference,1
manageable risk,1
management,1
management academic research,1
management ethics,1
managerialism,1
managing competing interests,1
mandatory citation,1
mandatory publications,1
mandatory reporting,1
mangalore,1
manhattan project,1
manners,1
manuscript acceptance,1
manuscript rejection,1
manuscript writing,1
manuscripts,1
maqasid al-shari‘ah,1
marginal utility,1
market-based institutions,1
market freedom,1
market values,1
marketisation,1
mary shelley,1
mason,1
massachusetts institute,1
massachusetts institute of technology,1
material agency,1
material flow analysis,1
material well-being,1
material world,1
materiality,1
mating season,1
max planck society,1
maximum risk,1
meaning of life,1
media,1
media-analysis,1
media analysis,1
media and communication,1
media art,1
media ethics,1
medical,1
medical care,1
medical data ethics,1
medical device,1
medical ethics in germany,1
medical experimentation,1
medical history,1
medical humanities,1
medical information bureau,1
medical journal,1
medical journal editor,1
medical journalism,1
medical knowledge,1
medical paper,1
medical paternalism,1
medical practice,1
medical procedure patents,1
medical process patents,1
medical records,1
medical research in india,1
medical research personnel,1
medical researchers,1
medical sciences,1
medical termination of pregnancy,1
medicalisation,1
meditation,1
meestar,1
memory,1
mems,1
meningioma,1
menopause transition,1
mental,1
mental ability,1
mental health,1
mental healthcare,1
mental illness,1
mental models,1
mental models approach,1
mental privacy,1
mentors and advisors,1
mercury,1
merton’s cudos,1
merton’s norms,1
meta-analysis,1
meta-ethics,1
meta-moral cognition,1
meta-research,1
methodological problems,1
methods of evaluating scientific research,1
metrics-based assessment,1
microarray,1
microbial challenge experiments,1
microbiology,1
microethics,1
microplastics,1
microscopy,1
middle-east,1
middle school teacher,1
milgram experiments,1
military autonomous robots,1
military hardware,1
military research,1
milk supply,1
millikan,1
minami project,1
minimalist attitudes,1
minimum care,1
minimum standards,1
mining engineering,1
minority students,1
mirab,1
mirror neurons,1
misconduct allegations,1
misconduct detection,1
misconduct in science,1
misconducts,1
misleading advertisement,1
misleading advertising,1
mistakes,1
misuse of science,1
misuses of statistics,1
mitochondrial disorders,1
mixed methods,1
mixed reality,1
mobile network operator,1
mobile phone companies,1
modafinil,1
mode 2,1
mode 2 knowledge,1
model,1
model validity,1
modeling,1
modeling behavior,1
models,1
models of risk,1
modern biotechnology,1
modernism,1
modernity,1
modification of student perception,1
moldovan journals,1
molecular diagnostics,1
molecular science,1
molecular tumor board (mtb),1
monopoly,1
monsanto,1
montreal protocol,1
mooc,1
moral activity,1
moral and immoral judgment,1
moral architecture,1
moral basis,1
moral behavior over time,1
moral behavior patterns,1
moral coherence,1
moral conflicts,1
moral conflicts in engineering,1
moral consideration,1
moral creativity,1
moral disengagement mechanisms,1
moral domains,1
moral economies,1
moral economy of science,1
moral education,1
moral efficacy,1
moral enablers,1
moral evaluation,1
moral exemplar,1
moral exemplars,1
moral framework,1
moral ideals,1
moral intuitions,1
moral judgment framework,1
moral machine,1
moral machines,1
moral meaningfulness,1
moral modeling,1
moral motivation,1
moral overload,1
moral patiency,1
moral philosophy,1
moral pluralism,1
moral precedent,1
moral problems,1
moral professionalism,1
moral progress,1
moral relevance,1
moral responsibilities,1
moral rights,1
moral robot,1
moral robustness,1
moral rules,1
moral sensitivity,1
moral sensitivity and imagination,1
moral similarity,1
moral status of animals,1
moral status of artifacts,1
moral status of the human embryo,1
moral stress,1
moral technology,1
moral thinking at the abstract level,1
moral value,1
moral voice,1
morally charged system,1
morals,1
moratorium,1
morton thiokol,1
motivational model,1
motives,1
motor development,1
mousepox,1
multi-author,1
multi-author article,1
multi-author studies,1
multi-authorship,1
multi-disciplinary,1
multi-level dynamics,1
multi-modal sensors,1
multicenter studies,1
multicultural collaboration,1
multidimensional scaling,1
multidisciplinary education,1
multilateral initiatives,1
multiple-use water services,1
multiple author,1
multiple authorship,1
multiple important authors,1
museums,1
muslim culture,1
muslim ethics,1
mutual advantage,1
mutual appreciation,1
mutual fund,1
myth,1
"mythology (persian, greek)",1
myths,1
naming and shaming,1
nanoscale science,1
nanoscaled science and technology,1
nanoscience and nanotechnology,1
nanosilver,1
nanotechnology engineering,1
narrative,1
narrative approach,1
narrative infrastructure,1
nasa,1
nasa expert and citizen assessment of science and technology,1
nation of origin,1
national academy of sciences,1
national endowment for the humanities,1
national historic preservation act,1
national institutes of health,1
national science and technology council,1
national security,1
native american grave protection and repatriation act (nagpra),1
native americans,1
native americans and native hawaiians,1
native people,1
natural,1
natural-resource policy,1
natural hazards,1
natural resource decision making,1
natural sciences,1
naturalistic ethics,1
nature-of-activities approach,1
navigational skills,1
nazi,1
nazi engineers,1
nazi medicine,1
necessity,1
negative freedom,1
negative stereotyping,1
negligence,1
neisseria gonorrhoeae,1
neo-liberalism,1
nest-ethics,1
nest ethics,1
net present value,1
network approach,1
networking,1
neural circuits,1
neural correlates of consciousness,1
neurobiology of ethics,1
neurohumanities,1
neurohype,1
neurolaw,1
neuromarketing,1
neuroprosthetics,1
neuroscience and human agency,1
neuroscience and the “two cultures”,1
neuroscience and volition,1
neuroskepticism,1
neurosurgery,1
new and emerging science and technologies,1
new public management,1
new roles,1
new wars,1
news feature,1
ngri (not guilty by reason of insanity),1
nhs,1
nietzsche,1
nightlife,1
nighttime illumination,1
nighttime lighting,1
no harm principle,1
nocebo,1
non-combatant immunity,1
non-epistemic values,1
non-invasiveness,1
non-paradigmatic cases,1
non-reductive physicalism,1
non-rivalrousness of intellectual objects,1
non technical education,1
nonhuman animal,1
nonhuman primates,1
nonmaleficence,1
nor,1
normal gestation,1
normality,1
normative agenda,1
normative analysis,1
normative constitutive rules,1
normative ethics,1
normative framework,1
normative regulative rules,1
normative uncertainty,1
normative values,1
normativity,1
norms and values,1
norms of academic research,1
north–south partnerships,1
note-taking strategies,1
novel technologies,1
novice scientists,1
novices,1
nrc,1
nsfc,1
nspe,1
nuclear bomb,1
nuclear reactors,1
nuclear technology,1
nuclear threat,1
nuclear waste management,1
nuclear weapon,1
nuclear workers,1
nudge,1
nudges,1
nuremberg code,1
o-ring temperature,1
obesity,1
obesity gene,1
objective,1
objective truth,1
objectives of islamic law,1
objectivity in election to academics,1
objectivity in research,1
objects of innovation,1
observation,1
observation/theory distinction,1
obstetrical forceps,1
occupational ethics,1
office of research integrity (ori),1
office of science and technology policy,1
offshoring,1
oil seed crops,1
olestra,1
olfactory surveillance,1
ombudsperson,1
ombudspersons,1
online advertising,1
online course,1
online course development,1
online discussion forum,1
online journal,1
online manual,1
online persona,1
online pharmacies,1
online privacy,1
online publication,1
online service providers,1
online social network,1
online tutorials,1
ontological subjectivity,1
open-access,1
open access journals,1
open future,1
open hardware,1
open review,1
open source software,1
open valve,1
open versus traditional peer review,1
operations management,1
opinion dynamics,1
opinion testing,1
opioid,1
opportunity theory,1
opposite bias,1
optimal growth models,1
ordre public and morality,1
organ,1
organ donation,1
organ shortage,1
organ transplantation,1
organic unity,1
organisational ethics,1
organisational responsibilities,1
organisations,1
organization,1
organizational constraints,1
organizational form,1
organizational impact,1
organizational research climate,1
organizational structure,1
organizational trade-offs,1
organizations,1
organochlorines,1
orientational knowledge,1
original idea,1
orphan drug,1
outcome evaluation,1
outsourcing,1
over competition in research,1
ownership,1
ownership of life,1
pacifism,1
pakistan,1
paleoanthropology,1
papa,1
paper inflation,1
paper mills,1
paradigm,1
paradigm shift in ‘professional ethics’,1
parental concern,1
parental responsibility,1
paris agreement,1
partial disclosure,1
participant-observer,1
participant–observer,1
participatory engagement,1
participatory methods,1
participatory sensing,1
particulars,1
partition principle,1
patchwriting,1
patent broadness,1
patent disclosure,1
patent protection,1
patenting,1
patenting humans: cloning for biomedical research,1
pathologists,1
patient-physician relationship,1
patient autonomy,1
patient photograph,1
patient’s information,1
patients’ rights,1
patricia werhane,1
pattern,1
pattern recognition,1
patterns of moral thinking at the abstract level,1
payment,1
pcu,1
peace studies,1
pedagogical strategies,1
pediatric hiv/aids clinical trials,1
peer-production of knowledge,1
peer-to-peer-learning,1
peer advising,1
peer evaluation — some pitfalls,1
peer grading,1
peer review process,1
peer review system,1
peer review thieves,1
peer status,1
penicillin,1
perceived reality,1
perceived security,1
perceived stress,1
perception,1
performance,1
permanent sovereignty,1
permissibility,1
persistent vegetative state,1
personal commitments,1
personal communications,1
personal effort,1
personal ethics,1
personal experiences,1
personal freedom,1
personal interest,1
personalised medicine,1
personalism,1
personalization,1
personalized education,1
perspectivism,1
persuasive definition,1
persuasive design,1
peru,1
pervasive,1
pervasive computing,1
pervasive technology,1
pesticides,1
petroleum engineering,1
pfb,1
pgd,1
pgm,1
ph.d. training,1
ph.d. workshop,1
pharmaceutical companies,1
pharmaceutical/medical fraud,1
pharmacists’ attitudes,1
pharmacists’ experience,1
pharmacogenomics,1
pharmacological trial,1
phase i–iii clinical trials,1
philosophical reflection,1
philosophically interesting,1
philosophy department,1
philosophy of biology,1
philosophy of economics,1
philosophy of engineering,1
philosophy of medicine,1
philosophy of mind,1
philosophy of punishment,1
philosophy of risk,1
phishing,1
phishing attacks,1
phs,1
physical distance,1
physician-assisted suicide,1
physician-assisted suicide (pas),1
physician-patient-relationship,1
physician independence,1
physics labs,1
pi transfer,1
pioneer in immunology,1
placebo-control,1
placebo-use,1
placebo control,1
placebo controlled trial (pct),1
plagiarism in scientific publishing,1
plan life,1
planned obsolescence,1
plant biotechnology,1
plant breeding,1
plant manager,1
plant science,1
playing god argument,1
pli cacheté,1
plural subject,1
pluralistic societies,1
poetry,1
poison gas,1
poland,1
polanyi,1
policy parallax,1
policy process,1
policy relevant science,1
polio,1
poliovirus research,1
polish law,1
political conception of justice,1
political consciousness,1
politicization,1
politics,1
politics of architecture,1
pollution,1
poor,1
popular culture,1
population,1
population modeling,1
positive computing,1
positive discrimination,1
positive effect,1
positive encouragement,1
positive organizational scholarship,1
positive psychology,1
positive responsibility,1
post-academic,1
post-academic science,1
post-doctoral ethics education,1
post-marketing surveillance,1
post-mortem studies,1
post-phenomenology,1
post-socialist science,1
post-test,1
postgraduate research,1
posthumanism,1
postmodernism,1
postphenomenology,1
postsecondary education,1
power,1
power lobbies,1
power relations,1
pppr,1
practical and professional ethics,1
practical problem,1
practical rationality,1
practices,1
practising ethics,1
practitioner,1
pragmatic account,1
praiseworthiness,1
pre-engagement,1
pre-implantation genetic diagnosis,1
pre-implantation genetic diagnosis (pgd),1
pre-medical students,1
pre-test,1
precautionary scenario,1
preclinical research,1
predatory organizers,1
predatory publishers,1
prediction,1
predictive brain devices,1
predictive device,1
predispositions,1
preimplantation diagnosis,1
prejudice,1
prenatal diagnosis,1
prescribing,1
press complaints commission,1
press conference,1
pressure,1
pressures to publish,1
presumed consent,1
presumptions,1
preventive measures,1
previous article,1
pride,1
prima facie,1
primary author,1
primary health centre,1
principia ecologica,1
principle,1
principle of discrimination,1
principled moral reasoning,1
principles,1
printing revolution,1
"prion disease (bse, vcjd)",1
prior publication,1
priority,1
priority level,1
prisoner’s dilemma,1
privacy law,1
private enterprise,1
prizes,1
proactive ethics,1
probability,1
problem-based learning (pbl),1
problem orientation,1
problem solving,1
problematic case,1
"problems (mine, yours, ours)",1
procedures in cases of suspected scientific misconduct,1
proceedings of the national academy of sciences,1
process approaches to consciousness,1
process improvement,1
process management,1
proclamative,1
procreative beneficence,1
product liability,1
product of nature,1
product review,1
product safety,1
products,1
products quality,1
professional accountability,1
professional and personal capabilities,1
professional associations,1
professional autonomy of physicians,1
professional code of ethics,1
professional competence,1
professional credibility,1
professional education,1
professional ethic,1
professional ethics code,1
professional ethics education,1
professional institution,1
professional integrity,1
professional integrity in medicine,1
professional integrity of scientists,1
professional knowledge,1
professional network,1
professional practice,1
professional questionnaire,1
professional reputation,1
professional responsibilities,1
professional society,1
professional virtues,1
professionals,1
professors,1
profit,1
profit motive,1
program director,1
program evaluation,1
programming ethics,1
project 211,1
project 985,1
project evaluation,1
project management,1
proof of principle,1
property,1
proposal preparation,1
proposals,1
proposition 71,1
prospective science teacher,1
prosthetic,1
prosthetics,1
protecting privacy,1
protection of patients’ rights,1
protection of sensitive information,1
protocol analysis,1
protocol design,1
protocol on biomedical research,1
prototype,1
provide background information,1
proxy consent,1
pseudoscience,1
pseudoskepticism,1
psychiatric disorders,1
psychiatry,1
psychoanalysis,1
psychology of whistleblowing,1
psychopathology,1
psychosurgery,1
psychotherapy,1
psychotropic drugs,1
public administration,1
public and press council,1
public attitude,1
public consultation,1
public consultations,1
public debate,1
public deliberation,1
public education,1
public engagement and leadership,1
public expectations,1
public health costs,1
public health service (phs),1
public humiliation,1
public information,1
public interest of science,1
public involvement,1
public outreach,1
public perception,1
public policies,1
public reason,1
public support,1
public support/enthusiasm,1
publication best practices,1
publication frenzy,1
publication guidelines,1
publication misconduct,1
publication policies,1
publication pressure,1
publication production,1
publication techniques,1
publication validity and reliability,1
publications board,1
publish-or-perish,1
publish-or perish,1
publishing bias,1
publishing house,1
publishing practice,1
publishing scientific paper,1
publons,1
pubmed,1
pubmed commons,1
pubpeer,1
pugwash,1
purpose,1
qualitative,1
qualitative interviews,1
qualitative review,1
quality assurance (qa),1
quality control (qc),1
quality in higher education,1
quality management,1
quality management system (qms),1
quality of care,1
quality of life,1
quality of research,1
quantitative content analysis,1
quantitative indicators,1
quantum computation,1
quantum mechanics,1
questioning,1
questionnaire survey,1
quotation mark,1
quran,1
r-1234yf,1
r.m. hare,1
race in human beings,1
racial attitudes,1
racial hygiene,1
radiation protection,1
radical environmentalist,1
radio frequency identification (rfid),1
radioactive waste management,1
radioactivity,1
radiologists,1
randomization,1
randomized clinical trial,1
randomized control trials,1
rapid technological change,1
rational choice,1
rational decision procedure,1
raw data,1
rcr education,1
rda,1
re-engineering,1
readiness,1
real conferences,1
reasonable person standard,1
reasonable pluralism,1
reasons,1
recent editorial,1
recklessness,1
recognition,1
recognition as peers,1
recombinant dna technology,1
recommendation,1
recommendations,1
recontextualization in writing from sources,1
recruitment,1
recruitment metrics,1
recs,1
redundant publication,1
redundant publications,1
ree,1
reengineering,1
referee function,1
referees,1
reflective consensus building,1
reflective equilibrium,1
reflective inquiry,1
reflexive modeling,1
reflexive principlism,1
reform,1
refrigerant,1
registered reports,1
regulating science and technology,1
regulators,1
regulatory,1
regulatory concerns,1
regulatory policy,1
regulatory requirements,1
regulatory science,1
reimbursement,1
reinforced concrete frame,1
reinforced concrete frame systems,1
rejection rates,1
relapses,1
relational narrative identity,1
relativism,1
relevance,1
relevant agency,1
relevant information,1
religion and science,1
religious ethics,1
religious perspectives,1
religious tradition,1
relocation,1
renewable,1
renewables ethics,1
repatriation,1
reprocessing,1
reproducibility,1
reproductive,1
reproductive ectogenesis,1
reproductive ethics,1
reproductive medicine,1
reproductive rights,1
reprogramming,1
research accountability,1
research achievement,1
research administration,1
research agenda,1
research agenda for engineering ethics,1
research agenda for ethics in engineering,1
research and development / r&d,1
research and innovation,1
research and publication ethics,1
research article,1
research assessment,1
research assessment exercise,1
research behavior,1
research climate,1
research commercialization,1
research conduct,1
research contract,1
research embryos,1
research environments,1
research ethics boards,1
research ethics committees,1
research ethics guidelines,1
research excellence framework,1
research funders,1
research impact assessment,1
research independence,1
research institution,1
research integrity and misconduct,1
research integrity education,1
research integrity officer,1
research integrity policy,1
research mentoring,1
research methods,1
research on captive wild birds,1
research on engineering ethics,1
research output,1
research policies,1
research programme in ethics and technology,1
research proposal,1
research publication,1
research result,1
research society,1
research standards,1
research subject protection,1
research supervision,1
research supervisor,1
research systems,1
research transparency,1
research universities,1
research with groups,1
researcher beliefs,1
researcher degrees of freedom,1
researchers,1
resilience,1
resolution,1
resource allocation,1
resource depletion,1
respect,1
respect for life,1
respect for nature,1
respect for persons,1
respect for truth,1
respirator,1
response strategies,1
responsibility-by-design,1
responsibility-catering prioritarianism,1
responsibility-loci,1
responsibility and division of labour,1
responsibility and neuroscience,1
responsibility attribution,1
responsibility conditions,1
responsibility for future,1
responsibility for the environment,1
responsibility in medical robotics,1
responsibility in science,1
responsibility of engineers,1
responsibility of science,1
responsible-conduct of research (rcr),1
responsible action,1
responsible engineer,1
responsible engineering,1
responsible experimentation,1
responsible innovation of self-driving cars,1
responsible leadership,1
responsible management,1
responsible research,1
responsible social uses approach,1
responsible subject,1
rest’s four component model,1
results-blind reviews,1
retracted publications,1
retribution,1
retribution-gaps,1
retribution gaps,1
reverse auction online bidding,1
reversibility,1
review management,1
review of particle physics,1
review paper,1
review process,1
review reports,1
review strategy,1
reviewing process,1
revision,1
revoke chartered status,1
rfid tags,1
rhetorie,1
ri,1
right not to know,1
right to freedom of expression,1
right to research,1
right to water and sanitation,1
rights to use scientific data,1
rights view,1
risk-benefit assessment,1
risk-society,1
risk–benefit assessment,1
risk acceptability,1
risk communication,1
risk of harm,1
risk perception,1
risk prediction,1
risk regulations,1
risks and benefits,1
risky world,1
ritalin,1
rivalrousness of material objects,1
robo-ethics,1
robot assisted therapy,1
robot caregivers,1
robot companions,1
role morality,1
role of philosopher,1
role of science,1
routine practice,1
routinisation,1
royal academy,1
rri teaching,1
rule consequentialism,1
rural road,1
sabbath renewal,1
sabotage,1
safe-by-design,1
safety barriers,1
safety belt,1
salami publication,1
salmon population,1
same-sex marriages,1
sanctions,1
sanctity of life,1
sanitation,1
sarbanes–oxley,1
scale,1
scarcity,1
scenario-based education,1
scenario building,1
scenario foresight analysis,1
scenarios,1
schizophrenia,1
scholarly activity,1
scholarly publishing,1
"schools, medical",1
science-fiction,1
science–policy relationship,1
science–society relations,1
science–technology–society (sts),1
science advice,1
science and art,1
science and democracy,1
science and engineering,1
science and engineering education,1
science and engineering ethics,1
science and responsibility,1
science and technologies,1
science and technology,1
science and technology information,1
science and technology policy,1
science and technology studies (s&ts),1
science cartels,1
science court,1
science culture,1
science curricula,1
science ethics course,1
science ethics education,1
science fiction novels,1
science librarians,1
science narratives,1
science news,1
science policy interface,1
science practice,1
science regulation,1
science reporting,1
science technology and innovation,1
"science, technology and society education",1
"science, technology, and society education",1
scientific,1
scientific-authoring,1
scientific and professional societies,1
scientific and technical data and information,1
scientific attitude,1
scientific certainty,1
scientific collaboration,1
scientific conduct,1
scientific creativity,1
scientific cultures,1
scientific data,1
scientific debate,1
scientific discipline,1
scientific disciplines,1
scientific dishonesty,1
"scientific ethics, honesty",1
scientific ethos,1
scientific forensics,1
scientific freedom and responsibility,1
scientific infrastructure,1
scientific innovation and discovery,1
scientific inquiry,1
scientific judgment,1
scientific misbehavior,1
scientific objectivity,1
scientific openness,1
scientific opinion,1
scientific participation,1
scientific pedagogy,1
scientific professions,1
scientific publication policies,1
scientific publications,1
scientific quality,1
scientific reasoning,1
scientific record keeping,1
scientific replication,1
scientific resistance,1
scientific reward system,1
scientific secrecy,1
scientific self,1
scientific social responsibility,1
scientific standards for reporting of data,1
scientific training,1
scientific uncertainties,1
scientific uncertainty,1
scientific vs. ethical aspects,1
scientific/research integrity,1
scientific/research misconduct,1
scientism,1
scientist identity,1
scientist misconduct,1
scientist perceptions,1
scientists’ roles,1
scope of professional resonsibility,1
scopus database,1
scott s. reuben,1
search engines,1
secondary analysis,1
secular ethics,1
secured online exam engine,1
securitization,1
security-by-experiment,1
security policy,1
security technology,1
selection,1
selective inertia,1
self-directed learning,1
self-driving vehicle,1
self-efficacy,1
self-interest,1
self-knowledge,1
self-organisation,1
self-quantification,1
self-reflection,1
self-reflective pedagogies,1
self citation,1
seminar,1
sensitive areas,1
sensitivity,1
sentience,1
serotonin,1
service,1
service learning,1
sewage treatment,1
sex,1
sex assignment surgery,1
sexual harassment,1
sexuality,1
shale gas,1
shame,1
shaping knowledge,1
share responsibility,1
sharing materials,1
shelters,1
short term preference,1
signal and misuse,1
significance-chasing bias,1
similar expression,1
similar paper,1
simple number,1
situated cognition,1
situated learning,1
situational pressures,1
situationism,1
skepticism about value education,1
sleipner a platform,1
slippery slope,1
slippery slope argument,1
small island developing states,1
smart-glasses,1
smart metering,1
smart stadia,1
smartphones,1
smear,1
smvs,1
sniffer dogs,1
sniffer technologies,1
snorre a,1
social-intuitionist model,1
social-role responsibility,1
social acceptance,1
social and ethical aspects,1
social attribution,1
social awareness,1
social behavior,1
social cage,1
social concerns in technology development,1
social constructivism,1
social context of engineering,1
social discount rate,1
social disutility,1
social divide,1
social engagement,1
social exclusion,1
social experimentation,1
social experiments,1
social freezing,1
social good,1
social identity,1
social impact,1
social implications of nanotechnology,1
social inclusion,1
social institution,1
social models,1
social movements,1
social network analysis,1
social network sites (sns),1
social networking,1
social networking sites,1
social networks,1
social neuroscience,1
social norms,1
social obligation,1
social performance,1
social pharmacy,1
social pressure,1
social regimen,1
social research,1
social risk perception,1
social robots,1
social shaping of technology,1
social skills,1
social value of research,1
social virtue,1
socialization,1
socially responsible innovation,1
societal challenges,1
societal debate,1
societal history,1
societal impact,1
societal implications,1
societal outcomes,1
societal relevance,1
societal shaping of technology,1
societally desirable research,1
socio-organisational factors,1
socio-technical experiments,1
socio-technical integration,1
socio-technical networks,1
socio ethical education,1
sociology of science,1
sociology of scientific knowledge (ssk),1
socioresponsive engineering,1
sociotechnical,1
sociotechnical imaginaries,1
sociotechnical system,1
socratic dialogue,1
sodis,1
software copyright,1
software defect,1
software engineering ethics,1
software error,1
software informed consent,1
somatic learning,1
soul,1
source documents,1
south africa,1
south asia,1
south eastern europe,1
south india,1
sovereign act,1
space ethics,1
space refuge,1
space shuttle,1
spain,1
spam emails,1
spatial installation,1
speak at a conference,1
special group,1
species survival,1
species taxonomy,1
specific person,1
speech,1
speech-act theory,1
sponsor,1
sponsored research,1
spontaneity,1
spoofing,1
sport,1
sports engineering,1
springer nature,1
stable patients,1
stakeholder,1
stakeholder bias,1
stakeholder engagement,1
stakeholder involvement,1
stakeholder participation,1
stakeholder’s opinion,1
standard definition,1
standard developing organisations,1
standard guideline,1
standard method,1
standardisation,1
standards of professional behavior,1
standards of proof,1
stanford university,1
stap cells,1
state insurance commissions,1
statistical concept,1
statistical design,1
statistical ethics,1
statistical hypothesis testing,1
status quo,1
stealth,1
steelpoort river,1
steering committee,1
stem,1
stem-cell research,1
stem cell technology,1
"stern review, climate economics",1
stewardship of the environment,1
stigma,1
stm publishers,1
stone masonry,1
storage of scientific data,1
story telling,1
storytelling,1
strategies,1
stratospheric ozone,1
structural design,1
structural engineering,1
structural ethics,1
structural interventions,1
structured review analysis,1
structures,1
sts education,1
student,1
student-faculty,1
student comments,1
student culture,1
student engagement in learning design,1
student engagement through ‘action-oriented’ programmes,1
student learning,1
student opinion,1
student opinions,1
student perceptions,1
student project,1
student research,1
"students, medical",1
students’ attitudes,1
students’ recruitment agency,1
study design,1
study pressures,1
study subject input,1
subarachnoid hemorrhage,1
subject benchmark statements,1
subjectivity,1
submission software,1
subpoenas,1
subsidy policy,1
substantially equivalent,1
substantive due process,1
substantive regulation,1
substitution,1
successor failure,1
sui generis protection,1
suicide bomber,1
suitable scope,1
sunnah,1
supervisors,1
supervisors’ pro-environmental values,1
supply chain management,1
support for research,1
supporting colleagues,1
supporting technological development,1
surgical clinical trials,1
surgical oncology,1
surplus embryos,1
survey analysis,1
survey instrument,1
survey methodology,1
survey research,1
surveys,1
survival,1
survival ethics,1
survival ethics model,1
survival of species,1
survival skills,1
susceptibility,1
sustainability ethics,1
sustainable design,1
sustainable development goals,1
sustainable energy,1
sustainable global environment,1
sustainable resource management,1
swedish patent law,1
swedish research council,1
switzerland,1
synthetic genome,1
system dynamics,1
system value,1
systematic approach,1
systematic literature review,1
systemic flaws,1
systems agency,1
systems thinking,1
taboo,1
tacit knowledge,1
tanks,1
taxonomy,1
taylor and francis,1
teach ethic,1
teaching case study,1
teaching ethics to engineers,1
teaching experiences,1
teaching large classes,1
teaching neuroethics,1
teaching neuroscience,1
teaching teachers,1
teaching trustworthy research,1
team-teaching,1
team science,1
team science ethics,1
team science evaluation,1
team science management,1
technical,1
technical analysis,1
technical communication,1
technical defect,1
technical determinism,1
technical education,1
technical expert,1
technical rationality,1
technical standards,1
technical universities,1
techno-moral change,1
techno–economic assessment,1
technocracy,1
technological advance,1
technological artifacts,1
technological determinism,1
technological development,1
technological enthusiasm,1
technological fix,1
technological imperative,1
technological innovations,1
technological progress,1
technological risk,1
technological society,1
technology acceptance,1
technology and society,1
technology and society (sts),1
technology application,1
technology appraisal,1
technology change,1
technology games,1
technology governance,1
technology of democracy,1
technology policy,1
technology research,1
technology transfer policy,1
technoscience,1
technoscientific community,1
teenagers,1
teledildonics,1
telehealthcare,1
telemedicine,1
temporal indiscriminateness,1
temporality,1
temporary insanity,1
temptation,1
tempting technique,1
tension,1
tenure,1
terminating harmful research,1
terrell,1
territorial rights,1
testing,1
text matching,1
text mining,1
text recycling,1
textual appropriation,1
textual borrowing,1
textual recycling,1
tga,1
the capability to play,1
the concept of ‘profession’,1
the czech republic,1
the ethics of technology,1
the foreign corrupt practices act,1
the golem,1
the manhattan project,1
the new ten commandments,1
the scientific method,1
the trolley problem,1
theoretical commitments of approaches to ethics and technology,1
theoretical ethics,1
theories of property,1
theory–practice gap,1
theory of mind,1
therapy,1
thesis advisor,1
think-aloud,1
thomson reuters,1
threats to independence,1
three princes of serendip,1
threshold model,1
threshold of toxicological concern,1
time,1
time discounting,1
tipping,1
tissues engineering,1
tolerable risk,1
tool,1
toolbox dialogue initiative,1
topic choice in science,1
tort liability,1
torture,1
total drug effect,1
toxicity,1
toxins,1
tracking,1
trading zones,1
tradition,1
traditional,1
traditional ownership,1
traffic management,1
traffic research,1
tragedy,1
tragedy of the commons,1
train-the-trainer,1
trainees,1
training reviewers,1
transaction,1
transgenic animals,1
transgenic human,1
transgenic plants,1
transgenic plants and animals,1
transgenics,1
transition countries,1
translational imperative,1
translational medicine,1
translational research,1
translational science,1
transmilenio,1
transmission,1
transparent approach,1
transportation democracy,1
transportation infrastructure,1
transportation justice,1
traumatic brain injury,1
treaties,1
treatment,1
treatment of menopausal disorders,1
tri-parent baby technology,1
trials,1
tribes,1
triple blind peer review,1
trips agreement,1
trolley problem,1
trolley problems,1
trustees,1
trustworthy,1
trustworthy science,1
truthtelling,1
tuberculosis,1
tumorigenicity,1
turkey,1
turnkey project,1
tutor,1
tuxedo fallacy,1
tv violence,1
twitter,1
two-sided market,1
two culture controversy,1
two cultures in science,1
u.s.,1
u.s. government,1
u.s. policy,1
uṣūl al fiqh,1
uk,1
uncertainty principle,1
undergraduate,1
undergraduate education,1
undergraduate engineering,1
undergraduate engineering education,1
undergraduate staff,1
underlying factor of corruption,1
underrecognition,1
underrepresented group,1
understanding,1
unethical business,1
unethical conduct,1
unethical conflict,1
unethical performance,1
unethical practice,1
unfccc,1
uniform requirement,1
unintended consequences,1
united states,1
universal ethical values,1
universal moral values,1
universities,1
universities of technology,1
university–industry collaborations,1
university administrators,1
university education,1
university of technology,1
university ranking,1
university research,1
unmanned aerial vehicles,1
unmanned systems,1
unprofessional supervisor,1
upper limb difference,1
upstream engagement in industry,1
upstream public engagement in science,1
urban mobility,1
urban underground,1
use of genetic information,1
user-centered,1
user experience,1
users,1
users’ empowerment,1
usual process,1
utah valley university,1
uterine transplant,1
utilitarian,1
utility tunnel,1
utopia,1
v-chip,1
vaccination,1
vaccines,1
vaccinogenomics,1
vaccinology,1
valid criterion,1
valuation,1
value-based ethics,1
value-conscious design,1
value-free ideal,1
value-free science,1
value-judgments,1
value-ladenness of science,1
value-neutrality,1
value-sensitive design (vsd),1
value free science,1
value judgment,1
values-by-design,1
values and science,1
values in research,1
values in scientific work,1
vegetation cover,1
vehicle dynamics,1
veillance,1
ventricular assist device,1
verbeek,1
verichip,1
vice,1
video,1
video analysis,1
violence,1
vipul bhrigu,1
virtual world,1
virtualization,1
virtue ethic,1
virtue theory,1
virtuous engineers,1
viruses,1
visual prosthesis,1
visualization,1
viva voce,1
volitional evolution,1
voluntary,1
volunteer recruitment,1
volunteerism,1
voronoi region,1
walkshop,1
wame,1
waste in biomedical research,1
waste management,1
wasted time and effort,1
water and sanitation,1
water and sanitation planning,1
water management,1
water quality,1
water resources,1
water use,1
wcag,1
weak penalties,1
weapons of mass destruction (wmd),1
wearable devices,1
wearables,1
web,1
web-based academia,1
web-based computer tools,1
web-based curriculum,1
web-based education,1
web-based teaching,1
web application,1
web browsers,1
web standards,1
website design,1
welfare technology,1
well-being,1
well-ordered science,1
westphalian order,1
whistle-blower,1
wide consequence,1
wide reflective equilibrium,1
wild animal,1
wild bird,1
wildlife passes,1
wildlife science,1
wiley-blackwell,1
withdrawal rate,1
withholding scientific findings,1
wittgenstein,1
women,1
women in health,1
"women in science and engineering, leadership",1
words,1
work design,1
working memory capacity,1
working together,1
workplace,1
world affair,1
world map,1
world war ii,1
worldview,1
worth,1
writing for publication,1
wrongdoing,1
wrongful discharge,1
www rule,1
xenotransplantation,1
xenotransplantation and public participation,1
xenotransplantation and public policy,1
yellow book,1
yoga,1
young people,1
young researcher,1
young scholar,1
young scientists,1
zero-emission vehicles,1
